<?xml version="1.0" encoding="UTF-8"?>
<project xmlns="http://maven.apache.org/POM/4.0.0" xmlns:xsi="http://www.w3.org/2001/XMLSchema-instance" xsi:schemaLocation="http://maven.apache.org/POM/4.0.0 http://maven.apache.org/maven-v4_0_0.xsd">
  <modelVersion>4.0.0</modelVersion>
  <groupId>com.library</groupId>
  <artifactId>library-database-system</artifactId>
  <name>Library Database System</name>
  <version>1.0.0</version>
  <description>Simple Library Database System with Oracle and MongoDB support</description>
  <build>
    <sourceDirectory>${project.basedir}/main/java</sourceDirectory>
    <testSourceDirectory>${project.basedir}/test/java</testSourceDirectory>
    <plugins>
      <plugin>
        <artifactId>maven-compiler-plugin</artifactId>
        <version>3.8.1</version>
        <configuration>
          <source>8</source>
          <target>8</target>
          <excludes>
            <exclude>oracle/**</exclude>
          </excludes>
        </configuration>
      </plugin>
      <plugin>
        <groupId>org.codehaus.mojo</groupId>
        <artifactId>exec-maven-plugin</artifactId>
        <version>3.1.0</version>
        <configuration>
          <mainClass>com.library.LibraryApp</mainClass>
        </configuration>
      </plugin>
      <plugin>
        <artifactId>maven-surefire-plugin</artifactId>
        <version>3.2.5</version>
        <configuration>
          <useModulePath>false</useModulePath>
        </configuration>
      </plugin>
      <plugin>
        <artifactId>maven-shade-plugin</artifactId>
        <version>3.4.1</version>
        <executions>
          <execution>
            <phase>package</phase>
            <goals>
              <goal>shade</goal>
            </goals>
            <configuration>
              <transformers>
                <transformer>
                  <mainClass>com.library.LibraryApp</mainClass>
                </transformer>
              </transformers>
            </configuration>
          </execution>
        </executions>
      </plugin>
      <plugin>
        <groupId>com.akathist.maven.plugins.launch4j</groupId>
        <artifactId>launch4j-maven-plugin</artifactId>
        <version>2.1.2</version>
        <executions>
          <execution>
            <id>oracle-exe</id>
            <phase>package</phase>
            <goals>
              <goal>launch4j</goal>
            </goals>
            <configuration>
              <headerType>gui</headerType>
              <jar>${project.build.directory}/${project.artifactId}-${project.version}.jar</jar>
              <outfile>${project.build.directory}/library_oracle.exe</outfile>
              <downloadUrl>https://adoptium.net/</downloadUrl>
              <classPath>
                <mainClass>com.library.LibraryApp</mainClass>
              </classPath>
              <jre>
                <bundledJre64Bit>false</bundledJre64Bit>
                <bundledJreAsFallback>false</bundledJreAsFallback>
                <minVersion>1.8.0</minVersion>
                <jdkPreference>preferJre</jdkPreference>
                <runtimeBits>64/32</runtimeBits>
              </jre>
              <versionInfo>
                <fileVersion>1.0.0.0</fileVersion>
                <txtFileVersion>${project.version}</txtFileVersion>
                <fileDescription>Library Database System - Oracle Backend</fileDescription>
                <copyright>2024</copyright>
                <productVersion>1.0.0.0</productVersion>
                <txtProductVersion>${project.version}</txtProductVersion>
                <productName>Library Oracle</productName>
                <companyName>Library System</companyName>
                <internalName>library_oracle</internalName>
                <originalFilename>library_oracle.exe</originalFilename>
              </versionInfo>
              <cmdLine>--backend=oracle</cmdLine>
            </configuration>
          </execution>
          <execution>
            <id>mongo-exe</id>
            <phase>package</phase>
            <goals>
              <goal>launch4j</goal>
            </goals>
            <configuration>
              <headerType>gui</headerType>
              <jar>${project.build.directory}/${project.artifactId}-${project.version}.jar</jar>
              <outfile>${project.build.directory}/library_mongo.exe</outfile>
              <downloadUrl>https://adoptium.net/</downloadUrl>
              <classPath>
                <mainClass>com.library.LibraryApp</mainClass>
              </classPath>
              <jre>
                <bundledJre64Bit>false</bundledJre64Bit>
                <bundledJreAsFallback>false</bundledJreAsFallback>
                <minVersion>1.8.0</minVersion>
                <jdkPreference>preferJre</jdkPreference>
                <runtimeBits>64/32</runtimeBits>
              </jre>
              <versionInfo>
                <fileVersion>1.0.0.0</fileVersion>
                <txtFileVersion>${project.version}</txtFileVersion>
                <fileDescription>Library Database System - MongoDB Backend</fileDescription>
                <copyright>2024</copyright>
                <productVersion>1.0.0.0</productVersion>
                <txtProductVersion>${project.version}</txtProductVersion>
                <productName>Library MongoDB</productName>
                <companyName>Library System</companyName>
                <internalName>library_mongo</internalName>
                <originalFilename>library_mongo.exe</originalFilename>
              </versionInfo>
              <cmdLine>--backend=mongo</cmdLine>
            </configuration>
          </execution>
        </executions>
      </plugin>
    </plugins>
  </build>
  <dependencies>
    <dependency>
      <groupId>org.junit.jupiter</groupId>
      <artifactId>junit-jupiter</artifactId>
      <version>5.11.0</version>
      <scope>test</scope>
      <exclusions>
        <exclusion>
          <artifactId>junit-jupiter-api</artifactId>
          <groupId>org.junit.jupiter</groupId>
        </exclusion>
        <exclusion>
          <artifactId>junit-jupiter-params</artifactId>
          <groupId>org.junit.jupiter</groupId>
        </exclusion>
        <exclusion>
          <artifactId>junit-jupiter-engine</artifactId>
          <groupId>org.junit.jupiter</groupId>
        </exclusion>
      </exclusions>
    </dependency>
  </dependencies>
  <properties>
    <maven.compiler.target>8</maven.compiler.target>
    <maven.compiler.source>8</maven.compiler.source>
    <project.build.sourceEncoding>UTF-8</project.build.sourceEncoding>
  </properties>
</project>
